<?xml version="1.0" encoding="UTF-8"?>
<!--
  ~ Copyright 2020 Red Hat, Inc. and/or its affiliates.
  ~
  ~ Licensed under the Apache License, Version 2.0 (the "License");
  ~ you may not use this file except in compliance with the License.
  ~ You may obtain a copy of the License at
  ~
  ~     http://www.apache.org/licenses/LICENSE-2.0
  ~
  ~ Unless required by applicable law or agreed to in writing, software
  ~ distributed under the License is distributed on an "AS IS" BASIS,
  ~ WITHOUT WARRANTIES OR CONDITIONS OF ANY KIND, either express or implied.
  ~ See the License for the specific language governing permissions and
  ~ limitations under the License.
  -->

<configuration>

  <appender name="consoleAppender" class="ch.qos.logback.core.ConsoleAppender">
    <encoder>
      <!-- %l lowers performance -->
      <!--<pattern>%d [%t] %-5p %l%n  %m%n</pattern>-->
      <pattern>%d [%t] %-5p %m%n</pattern>
    </encoder>
  </appender>

  <logger name="org.drools" level="info"/>

  <root level="warn">
    <appender-ref ref="consoleAppender"/>
  </root>

</configuration>
