<?xml version="1.0" encoding="utf-8"?>
<!--
  ~ Copyright 2019 Red Hat, Inc. and/or its affiliates.
  ~
  ~ Licensed under the Apache License, Version 2.0 (the "License");
  ~ you may not use this file except in compliance with the License.
  ~ You may obtain a copy of the License at
  ~
  ~  http://www.apache.org/licenses/LICENSE-2.0
  ~
  ~ Unless required by applicable law or agreed to in writing, software
  ~ distributed under the License is distributed on an "AS IS" BASIS,
  ~ WITHOUT WARRANTIES OR CONDITIONS OF ANY KIND, either express or implied.
  ~ See the License for the specific language governing permissions and
  ~ limitations under the License.
  -->

<!DOCTYPE module PUBLIC "-//Google Inc.//DTD Google Web Toolkit 2.4.0//EN"
    "http://google-web-toolkit.googlecode.com/svn/tags/2.8.2/distro-source/core/src/gwt-module.dtd">
<module>

  <!-- Uberfire dependencies -->
  <inherits name="org.uberfire.UberfireAPI"/>
  <inherits name="org.uberfire.client.views.PatternFlyTheme"/>

  <!-- Appformer Kogito Bridge -->
  <inherits name="org.appformer.kogito.bridge.AppformerKogitoBridge"/>

  <!-- Errai, Drools etc -->
  <inherits name="org.gwtbootstrap3.extras.toggleswitch.ToggleSwitch"/>
  <inherits name="org.kie.workbench.common.kogito.KogitoClient"/>
  <inherits name="org.kie.workbench.common.widgets.KieWorkbenchWidgetsCommon"/>

  <!-- Stunner -->
  <inherits name="org.kie.workbench.common.stunner.client.StunnerWidgets"/>
  <inherits name="org.kie.workbench.common.stunner.kogito.StunnerKogitoClient"/>

  <!-- Form modeler -->
  <inherits name="org.kie.workbench.common.stunner.forms.StunnerFormsClient"/>
  <inherits name="org.kie.workbench.common.forms.dynamic.DynamicFormsClient"/>


  <!-- BPMN -->
  <inherits name="org.kie.workbench.common.stunner.bpmn.StunnerBpmnClient"/>
  <inherits name="org.kie.workbench.common.stunner.bpmn.StunnerBpmnMarshalling"/>

  <!-- Only default locale support for kogito. -->
  <set-property name="locale" value="default"/>

  <!-- Configure Errai to return default values for missing i18n keys -->
  <set-property name="errai.i18n.default_per_key" value="true"/>

  <!-- We don't need to support IE10 or older -->
  <!-- There is no "ie11" permutation. IE11 uses the Firefox one (gecko1_8) -->
  <set-property name="user.agent" value="safari"/>

  <!-- To change the default logLevel -->
  <set-property name="gwt.logging.logLevel" value="SEVERE"/>
  <!-- To enable logging -->
  <set-property name="gwt.logging.enabled" value="TRUE"/>

  <!-- Specify the paths for translatable code -->
  <source path="client"/>

</module>
